XC,YC,ZC,SN_PCT
0.0,0.0,0.0,0.0
0.0,10.0,0.0,0.0
0.0,20.0,0.0,0.0
0.0,30.0,0.0,0.0
0.0,40.0,0.0,0.0
0.0,50.0,0.0,0.0
0.0,60.0,0.0,0.0
0.0,70.0,0.0,0.0
0.0,80.0,0.0,0.0
0.0,90.0,0.0,0.0
0.0,100.0,0.0,0.0
0.0,110.0,0.0,0.0
0.0,120.0,0.0,0.0
0.0,130.0,0.0,0.0
0.0,140.0,0.0,0.0
10.0,0.0,0.0,0.0
10.0,10.0,0.0,0.0
10.0,20.0,0.0,0.0
10.0,30.0,0.0,0.0
10.0,40.0,0.0,0.0
10.0,50.0,0.0,0.0
10.0,60.0,0.0,0.0
10.0,70.0,0.0,0.0
10.0,80.0,0.0,0.0
10.0,90.0,0.0,0.0
10.0,100.0,0.0,0.0
10.0,110.0,0.0,0.0
10.0,120.0,0.0,0.0
10.0,130.0,0.0,0.0
10.0,140.0,0.0,0.0
20.0,0.0,0.0,0.0
20.0,10.0,0.0,0.0
20.0,20.0,0.0,0.0
20.0,30.0,0.0,0.0
20.0,40.0,0.0,0.0
20.0,50.0,0.0,0.05352693116548141
20.0,60.0,0.0,0.0657714513961602
20.0,70.0,0.0,0.10468831395634182
20.0,80.0,0.0,0.12131370191106317
20.0,90.0,0.0,0.06862110635540615
20.0,100.0,0.0,0.0
20.0,110.0,0.0,0.0
20.0,120.0,0.0,0.0
20.0,130.0,0.0,0.0
20.0,140.0,0.0,0.0
30.0,0.0,0.0,0.0
30.0,10.0,0.0,0.0
30.0,20.0,0.0,0.0
30.0,30.0,0.0,0.02358066911054688
30.0,40.0,0.0,0.11234406219414836
30.0,50.0,0.0,0.16934709179916696
30.0,60.0,0.0,0.19818232799601027
30.0,70.0,0.0,0.19714963603955718
30.0,80.0,0.0,0.19824047047762308
30.0,90.0,0.0,0.15916580073255485
30.0,100.0,0.0,0.11173246382364393
30.0,110.0,0.0,0.03795715833840439
30.0,120.0,0.0,0.0
30.0,130.0,0.0,0.0
30.0,140.0,0.0,0.0
40.0,0.0,0.0,0.0
40.0,10.0,0.0,0.0
40.0,20.0,0.0,0.010544369026924062
40.0,30.0,0.0,0.09403814329794566
40.0,40.0,0.0,0.2006534804764356
40.0,50.0,0.0,0.2658224126839001
40.0,60.0,0.0,0.343159268528823
40.0,70.0,0.0,0.37039633632844393
40.0,80.0,0.0,0.36423818891045767
40.0,90.0,0.0,0.23940392023455848
40.0,100.0,0.0,0.16200084143709387
40.0,110.0,0.0,0.08991068274107095
40.0,120.0,0.0,0.003486514007520494
40.0,130.0,0.0,0.0
40.0,140.0,0.0,0.0
50.0,0.0,0.0,0.0
50.0,10.0,0.0,0.0
50.0,20.0,0.0,0.07033971599600436
50.0,30.0,0.0,0.16794558010733807
50.0,40.0,0.0,0.2825740705505617
50.0,50.0,0.0,0.35614218217824994
50.0,60.0,0.0,0.4276566813214252
50.0,70.0,0.0,0.46373122781976567
50.0,80.0,0.0,0.4398728756441903
50.0,90.0,0.0,0.36455473943299255
50.0,100.0,0.0,0.2697140198604704
50.0,110.0,0.0,0.14993043967426978
50.0,120.0,0.0,0.06133149887027783
50.0,130.0,0.0,0.0
50.0,140.0,0.0,0.0
60.0,0.0,0.0,0.0
60.0,10.0,0.0,0.0
60.0,20.0,0.0,0.08061195936706347
60.0,30.0,0.0,0.19245271677679618
60.0,40.0,0.0,0.3289965678610767
60.0,50.0,0.0,0.43321864406699634
60.0,60.0,0.0,0.523417299003807
60.0,70.0,0.0,0.580871937136685
60.0,80.0,0.0,0.5178943556362658
60.0,90.0,0.0,0.44563248338146955
60.0,100.0,0.0,0.3115841094840745
60.0,110.0,0.0,0.2297174790219906
60.0,120.0,0.0,0.09618749120468176
60.0,130.0,0.0,0.0
60.0,140.0,0.0,0.0
70.0,0.0,0.0,0.0
70.0,10.0,0.0,0.0
70.0,20.0,0.0,0.08092598796384129
70.0,30.0,0.0,0.21467562987992753
70.0,40.0,0.0,0.3406522909338671
70.0,50.0,0.0,0.43253765359506485
70.0,60.0,0.0,0.5863031878408458
70.0,70.0,0.0,0.7169232129517006
70.0,80.0,0.0,0.5628096811833603
70.0,90.0,0.0,0.4670109195732821
70.0,100.0,0.0,0.31375433177525136
70.0,110.0,0.0,0.21922608981467895
70.0,120.0,0.0,0.06768455290593409
70.0,130.0,0.0,0.002428354164713261
70.0,140.0,0.0,0.0
80.0,0.0,0.0,0.0
80.0,10.0,0.0,0.0
80.0,20.0,0.0,0.11359277697204129
80.0,30.0,0.0,0.24456935991097534
80.0,40.0,0.0,0.2833670434908594
80.0,50.0,0.0,0.4563951233090816
80.0,60.0,0.0,0.5628473875782066
80.0,70.0,0.0,0.5867602339314895
80.0,80.0,0.0,0.5063090118685247
80.0,90.0,0.0,0.4489387490509056
80.0,100.0,0.0,0.31690827473823147
80.0,110.0,0.0,0.1931489123700155
80.0,120.0,0.0,0.06351649565552653
80.0,130.0,0.0,0.0
80.0,140.0,0.0,0.0
90.0,0.0,0.0,0.0
90.0,10.0,0.0,0.0
90.0,20.0,0.0,0.030893395351396586
90.0,30.0,0.0,0.1793809060374773
90.0,40.0,0.0,0.26826519291280415
90.0,50.0,0.0,0.35685734959231014
90.0,60.0,0.0,0.42963692524944225
90.0,70.0,0.0,0.47737772314011734
90.0,80.0,0.0,0.44668007549732536
90.0,90.0,0.0,0.3711780515175113
90.0,100.0,0.0,0.27008787114426897
90.0,110.0,0.0,0.1649001079583045
90.0,120.0,0.0,0.06614782838382993
90.0,130.0,0.0,0.0
90.0,140.0,0.0,0.0
100.0,0.0,0.0,0.0
100.0,10.0,0.0,0.0
100.0,20.0,0.0,0.021062264655752165
100.0,30.0,0.0,0.14373959293948513
100.0,40.0,0.0,0.19971040641705728
100.0,50.0,0.0,0.2653307422786512
100.0,60.0,0.0,0.3177977859018738
100.0,70.0,0.0,0.3376189162445038
100.0,80.0,0.0,0.32087486894579453
100.0,90.0,0.0,0.24489347236938344
100.0,100.0,0.0,0.1805412283872811
100.0,110.0,0.0,0.08005946344699472
100.0,120.0,0.0,0.005261755846319294
100.0,130.0,0.0,0.0
100.0,140.0,0.0,0.0
110.0,0.0,0.0,0.0
110.0,10.0,0.0,0.0
110.0,20.0,0.0,0.0
110.0,30.0,0.0,0.06499148464030896
110.0,40.0,0.0,0.06207278154217813
110.0,50.0,0.0,0.15040535163495225
110.0,60.0,0.0,0.22325706275885487
110.0,70.0,0.0,0.2705665141361279
110.0,80.0,0.0,0.20025462937157143
110.0,90.0,0.0,0.16421706526361818
110.0,100.0,0.0,0.09547371514972787
110.0,110.0,0.0,0.04780663231266613
110.0,120.0,0.0,0.0
110.0,130.0,0.0,0.0
110.0,140.0,0.0,0.0
120.0,0.0,0.0,0.0
120.0,10.0,0.0,0.0
120.0,20.0,0.0,0.0
120.0,30.0,0.0,0.0
120.0,40.0,0.0,0.0
120.0,50.0,0.0,0.04143298186961222
120.0,60.0,0.0,0.09937288030124629
120.0,70.0,0.0,0.10481474184475462
120.0,80.0,0.0,0.09373095991131854
120.0,90.0,0.0,0.05231796906891389
120.0,100.0,0.0,0.02349254401843928
120.0,110.0,0.0,0.0
120.0,120.0,0.0,0.0
120.0,130.0,0.0,0.0
120.0,140.0,0.0,0.0
130.0,0.0,0.0,0.0
130.0,10.0,0.0,0.0
130.0,20.0,0.0,0.0
130.0,30.0,0.0,0.0
130.0,40.0,0.0,0.0
130.0,50.0,0.0,0.0
130.0,60.0,0.0,0.0
130.0,70.0,0.0,0.0
130.0,80.0,0.0,0.009166057864394242
130.0,90.0,0.0,0.0
130.0,100.0,0.0,0.0
130.0,110.0,0.0,0.0
130.0,120.0,0.0,0.0
130.0,130.0,0.0,0.0
130.0,140.0,0.0,0.0
140.0,0.0,0.0,0.0
140.0,10.0,0.0,0.0
140.0,20.0,0.0,0.0
140.0,30.0,0.0,0.0
140.0,40.0,0.0,0.0
140.0,50.0,0.0,0.0
140.0,60.0,0.0,0.0
140.0,70.0,0.0,0.0
140.0,80.0,0.0,0.0
140.0,90.0,0.0,0.0
140.0,100.0,0.0,0.0
140.0,110.0,0.0,0.0
140.0,120.0,0.0,0.0
140.0,130.0,0.0,0.0
140.0,140.0,0.0,0.0
0.0,0.0,-5.0,0.0
0.0,10.0,-5.0,0.0
0.0,20.0,-5.0,0.0
0.0,30.0,-5.0,0.0
0.0,40.0,-5.0,0.0
0.0,50.0,-5.0,0.0
0.0,60.0,-5.0,0.0
0.0,70.0,-5.0,0.0
0.0,80.0,-5.0,0.0
0.0,90.0,-5.0,0.0
0.0,100.0,-5.0,0.0
0.0,110.0,-5.0,0.0
0.0,120.0,-5.0,0.0
0.0,130.0,-5.0,0.0
0.0,140.0,-5.0,0.0
10.0,0.0,-5.0,0.0
10.0,10.0,-5.0,0.0
10.0,20.0,-5.0,0.0
10.0,30.0,-5.0,0.0
10.0,40.0,-5.0,0.0
10.0,50.0,-5.0,0.0
10.0,60.0,-5.0,0.0
10.0,70.0,-5.0,0.0
10.0,80.0,-5.0,0.006279194646722677
10.0,90.0,-5.0,0.0
10.0,100.0,-5.0,0.0
10.0,110.0,-5.0,0.0
10.0,120.0,-5.0,0.0
10.0,130.0,-5.0,0.0
10.0,140.0,-5.0,0.0
20.0,0.0,-5.0,0.0
20.0,10.0,-5.0,0.0
20.0,20.0,-5.0,0.0
20.0,30.0,-5.0,0.0
20.0,40.0,-5.0,0.0
20.0,50.0,-5.0,0.055904677624563796
20.0,60.0,-5.0,0.057604052044278604
20.0,70.0,-5.0,0.11590052188849687
20.0,80.0,-5.0,0.08062889199200135
20.0,90.0,-5.0,0.0564611870749519
20.0,100.0,-5.0,0.024326869862558
20.0,110.0,-5.0,0.0
20.0,120.0,-5.0,0.0
20.0,130.0,-5.0,0.0
20.0,140.0,-5.0,0.0
30.0,0.0,-5.0,0.0
30.0,10.0,-5.0,0.0
30.0,20.0,-5.0,0.0
30.0,30.0,-5.0,0.03887566635021196
30.0,40.0,-5.0,0.08245436962163621
30.0,50.0,-5.0,0.14598794094259188
30.0,60.0,-5.0,0.17640980444004384
30.0,70.0,-5.0,0.2446450614165687
30.0,80.0,-5.0,0.20014372757373328
30.0,90.0,-5.0,0.1913405642496701
30.0,100.0,-5.0,0.08436176634626397
30.0,110.0,-5.0,0.012427310404342674
30.0,120.0,-5.0,0.0
30.0,130.0,-5.0,0.0
30.0,140.0,-5.0,0.0
40.0,0.0,-5.0,0.0
40.0,10.0,-5.0,0.0
40.0,20.0,-5.0,0.0038295270240830924
40.0,30.0,-5.0,0.07767059964230509
40.0,40.0,-5.0,0.19250165956515122
40.0,50.0,-5.0,0.2636022670740919
40.0,60.0,-5.0,0.3193901911620775
40.0,70.0,-5.0,0.34984673111873293
40.0,80.0,-5.0,0.30691311795961673
40.0,90.0,-5.0,0.2656436863962286
40.0,100.0,-5.0,0.1849358798902156
40.0,110.0,-5.0,0.10834604009949723
40.0,120.0,-5.0,0.015981185638875677
40.0,130.0,-5.0,0.0
40.0,140.0,-5.0,0.0
50.0,0.0,-5.0,0.0
50.0,10.0,-5.0,0.0
50.0,20.0,-5.0,0.03717678523755716
50.0,30.0,-5.0,0.14573213340316699
50.0,40.0,-5.0,0.26175189251345543
50.0,50.0,-5.0,0.39304572674953714
50.0,60.0,-5.0,0.4319388962269687
50.0,70.0,-5.0,0.4461061280942554
50.0,80.0,-5.0,0.44410791278613665
50.0,90.0,-5.0,0.3485926544090402
50.0,100.0,-5.0,0.28980209018475994
50.0,110.0,-5.0,0.1694490262049306
50.0,120.0,-5.0,0.0815558110712648
50.0,130.0,-5.0,0.0
50.0,140.0,-5.0,0.0
60.0,0.0,-5.0,0.0
60.0,10.0,-5.0,0.0
60.0,20.0,-5.0,0.08709388941671248
60.0,30.0,-5.0,0.1907153825431921
60.0,40.0,-5.0,0.30317130722732266
60.0,50.0,-5.0,0.4289522961780134
60.0,60.0,-5.0,0.5143489768053658
60.0,70.0,-5.0,0.5856535142449684
60.0,80.0,-5.0,0.513772423878282
60.0,90.0,-5.0,0.44409349671680537
60.0,100.0,-5.0,0.3396491148622884
60.0,110.0,-5.0,0.19111051477783497
60.0,120.0,-5.0,0.11197137972395962
60.0,130.0,-5.0,0.0
60.0,140.0,-5.0,0.0
70.0,0.0,-5.0,0.0
70.0,10.0,-5.0,0.0024465664331418287
70.0,20.0,-5.0,0.08005960408940632
70.0,30.0,-5.0,0.21786412026441548
70.0,40.0,-5.0,0.3690285852118187
70.0,50.0,-5.0,0.44763926304636836
70.0,60.0,-5.0,0.539255975486384
70.0,70.0,-5.0,0.6611482163704708
70.0,80.0,-5.0,0.5298711869464787
70.0,90.0,-5.0,0.41771672156166345
70.0,100.0,-5.0,0.33176721673623033
70.0,110.0,-5.0,0.2455705616568344
70.0,120.0,-5.0,0.09115541440973653
70.0,130.0,-5.0,0.0
70.0,140.0,-5.0,0.0
80.0,0.0,-5.0,0.0
80.0,10.0,-5.0,0.0
80.0,20.0,-5.0,0.08463405148270595
80.0,30.0,-5.0,0.21445060692542098
80.0,40.0,-5.0,0.2970070273509682
80.0,50.0,-5.0,0.45187438624671966
80.0,60.0,-5.0,0.5486947311801837
80.0,70.0,-5.0,0.5760988531824819
80.0,80.0,-5.0,0.5464022409998721
80.0,90.0,-5.0,0.4176449541748816
80.0,100.0,-5.0,0.3097822203022877
80.0,110.0,-5.0,0.2083526019312823
80.0,120.0,-5.0,0.08431323786716853
80.0,130.0,-5.0,0.0
80.0,140.0,-5.0,0.0
90.0,0.0,-5.0,0.0
90.0,10.0,-5.0,0.0
90.0,20.0,-5.0,0.01491375503049238
90.0,30.0,-5.0,0.17039357268743704
90.0,40.0,-5.0,0.26260510790806146
90.0,50.0,-5.0,0.3751450150304501
90.0,60.0,-5.0,0.4419733149728125
90.0,70.0,-5.0,0.4043493106469415
90.0,80.0,-5.0,0.4433647749095737
90.0,90.0,-5.0,0.36707422989942556
90.0,100.0,-5.0,0.26777110367685225
90.0,110.0,-5.0,0.15397020907449258
90.0,120.0,-5.0,0.07084584758297188
90.0,130.0,-5.0,0.0
90.0,140.0,-5.0,0.0
100.0,0.0,-5.0,0.0
100.0,10.0,-5.0,0.0
100.0,20.0,-5.0,0.0
100.0,30.0,-5.0,0.06488148719534294
100.0,40.0,-5.0,0.20517890949540196
100.0,50.0,-5.0,0.28438792817882697
100.0,60.0,-5.0,0.3212338827208896
100.0,70.0,-5.0,0.3092241350851071
100.0,80.0,-5.0,0.3115687770854721
100.0,90.0,-5.0,0.2796935576227279
100.0,100.0,-5.0,0.18719959103261075
100.0,110.0,-5.0,0.09768029629055205
100.0,120.0,-5.0,0.0
100.0,130.0,-5.0,0.0
100.0,140.0,-5.0,0.0
110.0,0.0,-5.0,0.0
110.0,10.0,-5.0,0.0
110.0,20.0,-5.0,0.0
110.0,30.0,-5.0,0.030729693697265442
110.0,40.0,-5.0,0.07956228110717378
110.0,50.0,-5.0,0.17923425019207204
110.0,60.0,-5.0,0.1677641053731746
110.0,70.0,-5.0,0.2384123023610991
110.0,80.0,-5.0,0.20451996642830642
110.0,90.0,-5.0,0.2055557864720646
110.0,100.0,-5.0,0.07386931854311961
110.0,110.0,-5.0,0.022705099664106134
110.0,120.0,-5.0,0.0
110.0,130.0,-5.0,0.0
110.0,140.0,-5.0,0.0
120.0,0.0,-5.0,0.0
120.0,10.0,-5.0,0.0
120.0,20.0,-5.0,0.0
120.0,30.0,-5.0,0.0
120.0,40.0,-5.0,0.022369259144628156
120.0,50.0,-5.0,0.04814549776254718
120.0,60.0,-5.0,0.12924476883283165
120.0,70.0,-5.0,0.13520498452898183
120.0,80.0,-5.0,0.08690460853336957
120.0,90.0,-5.0,0.005510163120383688
120.0,100.0,-5.0,0.0
120.0,110.0,-5.0,0.0
120.0,120.0,-5.0,0.0
120.0,130.0,-5.0,0.0
120.0,140.0,-5.0,0.0
130.0,0.0,-5.0,0.0
130.0,10.0,-5.0,0.0
130.0,20.0,-5.0,0.0
130.0,30.0,-5.0,0.0
130.0,40.0,-5.0,0.0
130.0,50.0,-5.0,0.0
130.0,60.0,-5.0,0.0
130.0,70.0,-5.0,0.0
130.0,80.0,-5.0,0.0
130.0,90.0,-5.0,0.0
130.0,100.0,-5.0,0.0
130.0,110.0,-5.0,0.0
130.0,120.0,-5.0,0.0
130.0,130.0,-5.0,0.0
130.0,140.0,-5.0,0.0
140.0,0.0,-5.0,0.0
140.0,10.0,-5.0,0.0
140.0,20.0,-5.0,0.0
140.0,30.0,-5.0,0.0
140.0,40.0,-5.0,0.0
140.0,50.0,-5.0,0.0
140.0,60.0,-5.0,0.0
140.0,70.0,-5.0,0.0
140.0,80.0,-5.0,0.0
140.0,90.0,-5.0,0.0
140.0,100.0,-5.0,0.0
140.0,110.0,-5.0,0.0
140.0,120.0,-5.0,0.0
140.0,130.0,-5.0,0.0
140.0,140.0,-5.0,0.0
0.0,0.0,-10.0,0.0
0.0,10.0,-10.0,0.0
0.0,20.0,-10.0,0.0
0.0,30.0,-10.0,0.0
0.0,40.0,-10.0,0.0
0.0,50.0,-10.0,0.0
0.0,60.0,-10.0,0.0
0.0,70.0,-10.0,0.0
0.0,80.0,-10.0,0.0
0.0,90.0,-10.0,0.0
0.0,100.0,-10.0,0.0
0.0,110.0,-10.0,0.0
0.0,120.0,-10.0,0.0
0.0,130.0,-10.0,0.0
0.0,140.0,-10.0,0.0
10.0,0.0,-10.0,0.0
10.0,10.0,-10.0,0.0
10.0,20.0,-10.0,0.0
10.0,30.0,-10.0,0.0
10.0,40.0,-10.0,0.0
10.0,50.0,-10.0,0.0
10.0,60.0,-10.0,0.0
10.0,70.0,-10.0,0.0
10.0,80.0,-10.0,0.007397923867256052
10.0,90.0,-10.0,0.0
10.0,100.0,-10.0,0.0
10.0,110.0,-10.0,0.0
10.0,120.0,-10.0,0.0
10.0,130.0,-10.0,0.0
10.0,140.0,-10.0,0.0
20.0,0.0,-10.0,0.0
20.0,10.0,-10.0,0.0
20.0,20.0,-10.0,0.0
20.0,30.0,-10.0,0.0
20.0,40.0,-10.0,0.029503620227825444
20.0,50.0,-10.0,0.06562967917233983
20.0,60.0,-10.0,0.11207427520329077
20.0,70.0,-10.0,0.1340918834274481
20.0,80.0,-10.0,0.10891944143194766
20.0,90.0,-10.0,0.03541142237785892
20.0,100.0,-10.0,0.0
20.0,110.0,-10.0,0.0
20.0,120.0,-10.0,0.0
20.0,130.0,-10.0,0.0
20.0,140.0,-10.0,0.0
30.0,0.0,-10.0,0.0
30.0,10.0,-10.0,0.0
30.0,20.0,-10.0,0.0
30.0,30.0,-10.0,0.0
30.0,40.0,-10.0,0.09964563364179713
30.0,50.0,-10.0,0.12895579590765993
30.0,60.0,-10.0,0.2063697448475225
30.0,70.0,-10.0,0.20400905018616478
30.0,80.0,-10.0,0.199395433015864
30.0,90.0,-10.0,0.15816402833203974
30.0,100.0,-10.0,0.10378586395117313
30.0,110.0,-10.0,0.00990171536926824
30.0,120.0,-10.0,0.0
30.0,130.0,-10.0,0.0
30.0,140.0,-10.0,0.0
40.0,0.0,-10.0,0.0
40.0,10.0,-10.0,0.0
40.0,20.0,-10.0,0.0036831577255153182
40.0,30.0,-10.0,0.07671984057677593
40.0,40.0,-10.0,0.20475044205889334
40.0,50.0,-10.0,0.25217250037319655
40.0,60.0,-10.0,0.3043497368503519
40.0,70.0,-10.0,0.3511487890571606
40.0,80.0,-10.0,0.32414745566695186
40.0,90.0,-10.0,0.2894773559633025
40.0,100.0,-10.0,0.21974065611561183
40.0,110.0,-10.0,0.08920636875595013
40.0,120.0,-10.0,0.002853312421682772
40.0,130.0,-10.0,0.0
40.0,140.0,-10.0,0.0
50.0,0.0,-10.0,0.0
50.0,10.0,-10.0,0.0
50.0,20.0,-10.0,0.041688163760571925
50.0,30.0,-10.0,0.176075353588343
50.0,40.0,-10.0,0.2955189147316014
50.0,50.0,-10.0,0.3930069907428921
50.0,60.0,-10.0,0.4155481463523807
50.0,70.0,-10.0,0.45496651584737147
50.0,80.0,-10.0,0.43932614617451243
50.0,90.0,-10.0,0.3548087981702608
50.0,100.0,-10.0,0.25949752214816024
50.0,110.0,-10.0,0.17702371196368946
50.0,120.0,-10.0,0.04671202348651915
50.0,130.0,-10.0,0.0
50.0,140.0,-10.0,0.0
60.0,0.0,-10.0,0.0
60.0,10.0,-10.0,0.0
60.0,20.0,-10.0,0.05680289535574765
60.0,30.0,-10.0,0.22550377426531476
60.0,40.0,-10.0,0.27598442814279417
60.0,50.0,-10.0,0.3976851706055793
60.0,60.0,-10.0,0.5247774512640057
60.0,70.0,-10.0,0.6045791117130139
60.0,80.0,-10.0,0.5564884906288815
60.0,90.0,-10.0,0.4085721900014379
60.0,100.0,-10.0,0.31697403686012343
60.0,110.0,-10.0,0.17501819742412927
60.0,120.0,-10.0,0.10834179964436393
60.0,130.0,-10.0,0.0
60.0,140.0,-10.0,0.0
70.0,0.0,-10.0,0.0
70.0,10.0,-10.0,0.0
70.0,20.0,-10.0,0.1294032068765148
70.0,30.0,-10.0,0.20259983553618294
70.0,40.0,-10.0,0.34738380939093744
70.0,50.0,-10.0,0.47706564371647464
70.0,60.0,-10.0,0.5772057653911785
70.0,70.0,-10.0,0.7277262852849263
70.0,80.0,-10.0,0.5909625916937639
70.0,90.0,-10.0,0.42725100813983313
70.0,100.0,-10.0,0.41917205408075925
70.0,110.0,-10.0,0.23297287288181331
70.0,120.0,-10.0,0.10214686587647177
70.0,130.0,-10.0,0.0
70.0,140.0,-10.0,0.0
80.0,0.0,-10.0,0.0
80.0,10.0,-10.0,0.0
80.0,20.0,-10.0,0.09555106419310307
80.0,30.0,-10.0,0.24228751462726822
80.0,40.0,-10.0,0.3233717082303208
80.0,50.0,-10.0,0.4419419522997961
80.0,60.0,-10.0,0.5377435095454574
80.0,70.0,-10.0,0.5770302039388121
80.0,80.0,-10.0,0.526626368568828
80.0,90.0,-10.0,0.4536918467533948
80.0,100.0,-10.0,0.33612722348656704
80.0,110.0,-10.0,0.19263849284480503
80.0,120.0,-10.0,0.06584893630940596
80.0,130.0,-10.0,0.0
80.0,140.0,-10.0,0.0
90.0,0.0,-10.0,0.0
90.0,10.0,-10.0,0.0
90.0,20.0,-10.0,0.038278817402390745
90.0,30.0,-10.0,0.1661764961533665
90.0,40.0,-10.0,0.21700776972500624
90.0,50.0,-10.0,0.3486753874122513
90.0,60.0,-10.0,0.42548941632718795
90.0,70.0,-10.0,0.47021875548984177
90.0,80.0,-10.0,0.46588507947344787
90.0,90.0,-10.0,0.3612876168177319
90.0,100.0,-10.0,0.2964121985764976
90.0,110.0,-10.0,0.17657730692937004
90.0,120.0,-10.0,0.07350726674810072
90.0,130.0,-10.0,0.0
90.0,140.0,-10.0,0.0
100.0,0.0,-10.0,0.0
100.0,10.0,-10.0,0.0
100.0,20.0,-10.0,0.0
100.0,30.0,-10.0,0.08963708895202488
100.0,40.0,-10.0,0.16165504545124354
100.0,50.0,-10.0,0.25700688877140077
100.0,60.0,-10.0,0.32754901871001374
100.0,70.0,-10.0,0.3386245907384272
100.0,80.0,-10.0,0.2935713819547212
100.0,90.0,-10.0,0.2967486440781486
100.0,100.0,-10.0,0.1976275363118548
100.0,110.0,-10.0,0.12016130866151524
100.0,120.0,-10.0,0.015990311011257648
100.0,130.0,-10.0,0.0
100.0,140.0,-10.0,0.0
110.0,0.0,-10.0,0.0
110.0,10.0,-10.0,0.0
110.0,20.0,-10.0,0.0
110.0,30.0,-10.0,0.03749836374739551
110.0,40.0,-10.0,0.08775186053742351
110.0,50.0,-10.0,0.17120587029713008
110.0,60.0,-10.0,0.16874892787337675
110.0,70.0,-10.0,0.24334150331999926
110.0,80.0,-10.0,0.204433950924071
110.0,90.0,-10.0,0.18106020137936854
110.0,100.0,-10.0,0.10379723298766189
110.0,110.0,-10.0,0.03713876596689315
110.0,120.0,-10.0,0.0
110.0,130.0,-10.0,0.0
110.0,140.0,-10.0,0.0
120.0,0.0,-10.0,0.0
120.0,10.0,-10.0,0.0
120.0,20.0,-10.0,0.0
120.0,30.0,-10.0,0.0
120.0,40.0,-10.0,0.0
120.0,50.0,-10.0,0.06381472533076275
120.0,60.0,-10.0,0.07625078328401738
120.0,70.0,-10.0,0.1102061519349051
120.0,80.0,-10.0,0.06980182138749218
120.0,90.0,-10.0,0.04563518228346013
120.0,100.0,-10.0,0.019984806052948105
120.0,110.0,-10.0,0.0
120.0,120.0,-10.0,0.0
120.0,130.0,-10.0,0.0
120.0,140.0,-10.0,0.0
130.0,0.0,-10.0,0.0
130.0,10.0,-10.0,0.0
130.0,20.0,-10.0,0.0
130.0,30.0,-10.0,0.0
130.0,40.0,-10.0,0.0
130.0,50.0,-10.0,0.0
130.0,60.0,-10.0,0.0
130.0,70.0,-10.0,0.011509358171447596
130.0,80.0,-10.0,0.0
130.0,90.0,-10.0,0.0
130.0,100.0,-10.0,0.0
130.0,110.0,-10.0,0.0
130.0,120.0,-10.0,0.0
130.0,130.0,-10.0,0.0
130.0,140.0,-10.0,0.0
140.0,0.0,-10.0,0.0
140.0,10.0,-10.0,0.0
140.0,20.0,-10.0,0.0
140.0,30.0,-10.0,0.0
140.0,40.0,-10.0,0.0
140.0,50.0,-10.0,0.0
140.0,60.0,-10.0,0.0
140.0,70.0,-10.0,0.0
140.0,80.0,-10.0,0.0
140.0,90.0,-10.0,0.0
140.0,100.0,-10.0,0.0
140.0,110.0,-10.0,0.0
140.0,120.0,-10.0,0.0
140.0,130.0,-10.0,0.0
140.0,140.0,-10.0,0.0
0.0,0.0,-15.0,0.0
0.0,10.0,-15.0,0.0
0.0,20.0,-15.0,0.0
0.0,30.0,-15.0,0.0
0.0,40.0,-15.0,0.0
0.0,50.0,-15.0,0.0
0.0,60.0,-15.0,0.0
0.0,70.0,-15.0,0.0
0.0,80.0,-15.0,0.0
0.0,90.0,-15.0,0.0
0.0,100.0,-15.0,0.0
0.0,110.0,-15.0,0.0
0.0,120.0,-15.0,0.0
0.0,130.0,-15.0,0.0
0.0,140.0,-15.0,0.0
10.0,0.0,-15.0,0.0
10.0,10.0,-15.0,0.0
10.0,20.0,-15.0,0.0
10.0,30.0,-15.0,0.0
10.0,40.0,-15.0,0.0
10.0,50.0,-15.0,0.0
10.0,60.0,-15.0,0.0
10.0,70.0,-15.0,0.004611163999094475
10.0,80.0,-15.0,0.0
10.0,90.0,-15.0,0.0
10.0,100.0,-15.0,0.0
10.0,110.0,-15.0,0.0
10.0,120.0,-15.0,0.0
10.0,130.0,-15.0,0.0
10.0,140.0,-15.0,0.0
20.0,0.0,-15.0,0.0
20.0,10.0,-15.0,0.0
20.0,20.0,-15.0,0.0
20.0,30.0,-15.0,0.0
20.0,40.0,-15.0,0.0
20.0,50.0,-15.0,0.04193099744079405
20.0,60.0,-15.0,0.042019499613463
20.0,70.0,-15.0,0.09936365654602415
20.0,80.0,-15.0,0.09036741321714968
20.0,90.0,-15.0,0.05954178648396245
20.0,100.0,-15.0,0.030247936290104565
20.0,110.0,-15.0,0.0
20.0,120.0,-15.0,0.0
20.0,130.0,-15.0,0.0
20.0,140.0,-15.0,0.0
30.0,0.0,-15.0,0.0
30.0,10.0,-15.0,0.0
30.0,20.0,-15.0,0.0
30.0,30.0,-15.0,0.021536607893930824
30.0,40.0,-15.0,0.07459078447229038
30.0,50.0,-15.0,0.16900359607627044
30.0,60.0,-15.0,0.20738794127212754
30.0,70.0,-15.0,0.2205883523794153
30.0,80.0,-15.0,0.20253146233996616
30.0,90.0,-15.0,0.18432805121510176
30.0,100.0,-15.0,0.11932441725156681
30.0,110.0,-15.0,0.03569582711133072
30.0,120.0,-15.0,0.0
30.0,130.0,-15.0,0.0
30.0,140.0,-15.0,0.0
40.0,0.0,-15.0,0.0
40.0,10.0,-15.0,0.0
40.0,20.0,-15.0,0.0
40.0,30.0,-15.0,0.046032765166679035
40.0,40.0,-15.0,0.16661635502911157
40.0,50.0,-15.0,0.2687788849274389
40.0,60.0,-15.0,0.34072242747874565
40.0,70.0,-15.0,0.3088611688426993
40.0,80.0,-15.0,0.3082778382141076
40.0,90.0,-15.0,0.2645468108353028
40.0,100.0,-15.0,0.1763123677571916
40.0,110.0,-15.0,0.11062327586912449
40.0,120.0,-15.0,0.0003657894580713939
40.0,130.0,-15.0,0.0
40.0,140.0,-15.0,0.0
50.0,0.0,-15.0,0.0
50.0,10.0,-15.0,0.0
50.0,20.0,-15.0,0.07965121555712561
50.0,30.0,-15.0,0.15456373212672483
50.0,40.0,-15.0,0.2791346362275378
50.0,50.0,-15.0,0.34700106937051245
50.0,60.0,-15.0,0.4126536576790098
50.0,70.0,-15.0,0.4459129933695308
50.0,80.0,-15.0,0.4307545089786298
50.0,90.0,-15.0,0.35621407585110293
50.0,100.0,-15.0,0.2981179871374225
50.0,110.0,-15.0,0.14036960080731148
50.0,120.0,-15.0,0.031973456494763144
50.0,130.0,-15.0,0.0
50.0,140.0,-15.0,0.0
60.0,0.0,-15.0,0.0
60.0,10.0,-15.0,0.0
60.0,20.0,-15.0,0.09286431235565769
60.0,30.0,-15.0,0.16233844399131164
60.0,40.0,-15.0,0.3131354322730458
60.0,50.0,-15.0,0.43132274366330164
60.0,60.0,-15.0,0.5449224228577298
60.0,70.0,-15.0,0.5990899133309537
60.0,80.0,-15.0,0.5322093079374312
60.0,90.0,-15.0,0.45234085876530994
60.0,100.0,-15.0,0.3176012152875674
60.0,110.0,-15.0,0.1880773884310852
60.0,120.0,-15.0,0.06943402150590677
60.0,130.0,-15.0,0.0
60.0,140.0,-15.0,0.0
70.0,0.0,-15.0,0.0
70.0,10.0,-15.0,0.0
70.0,20.0,-15.0,0.0928155180857852
70.0,30.0,-15.0,0.23010763805505832
70.0,40.0,-15.0,0.36435881801602693
70.0,50.0,-15.0,0.4211863807127021
70.0,60.0,-15.0,0.5638764357609308
70.0,70.0,-15.0,0.700981233847462
70.0,80.0,-15.0,0.5680782733082467
70.0,90.0,-15.0,0.47723246202682407
70.0,100.0,-15.0,0.29827218869086947
70.0,110.0,-15.0,0.2272360328114209
70.0,120.0,-15.0,0.1085184035300563
70.0,130.0,-15.0,0.0
70.0,140.0,-15.0,0.0
80.0,0.0,-15.0,0.0
80.0,10.0,-15.0,0.0
80.0,20.0,-15.0,0.07405925031066238
80.0,30.0,-15.0,0.2197383352874553
80.0,40.0,-15.0,0.31404259639009025
80.0,50.0,-15.0,0.4479587052830037
80.0,60.0,-15.0,0.545903771110396
80.0,70.0,-15.0,0.5507189285283881
80.0,80.0,-15.0,0.5272045486390179
80.0,90.0,-15.0,0.42982319632919347
80.0,100.0,-15.0,0.3157691754706578
80.0,110.0,-15.0,0.19011406962384134
80.0,120.0,-15.0,0.12514641626033596
80.0,130.0,-15.0,0.0
80.0,140.0,-15.0,0.0
90.0,0.0,-15.0,0.0
90.0,10.0,-15.0,0.0
90.0,20.0,-15.0,0.05642517872225513
90.0,30.0,-15.0,0.15207895331770127
90.0,40.0,-15.0,0.31513676619099146
90.0,50.0,-15.0,0.3654972020142395
90.0,60.0,-15.0,0.45472382540023726
90.0,70.0,-15.0,0.45551528455753
90.0,80.0,-15.0,0.42515061658482245
90.0,90.0,-15.0,0.35997051667837443
90.0,100.0,-15.0,0.27444819217584154
90.0,110.0,-15.0,0.18033542230194682
90.0,120.0,-15.0,0.05133714284162577
90.0,130.0,-15.0,0.0
90.0,140.0,-15.0,0.0
100.0,0.0,-15.0,0.0
100.0,10.0,-15.0,0.0
100.0,20.0,-15.0,0.009444714144758719
100.0,30.0,-15.0,0.0996436490189212
100.0,40.0,-15.0,0.1788803415609734
100.0,50.0,-15.0,0.270269152212059
100.0,60.0,-15.0,0.33196277835709426
100.0,70.0,-15.0,0.33926364686965943
100.0,80.0,-15.0,0.32277405055563885
100.0,90.0,-15.0,0.26432376043131217
100.0,100.0,-15.0,0.2091931029069371
100.0,110.0,-15.0,0.0912359946532266
100.0,120.0,-15.0,0.003996485037894992
100.0,130.0,-15.0,0.0
100.0,140.0,-15.0,0.0
110.0,0.0,-15.0,0.0
110.0,10.0,-15.0,0.0
110.0,20.0,-15.0,0.0
110.0,30.0,-15.0,0.0
110.0,40.0,-15.0,0.11212807888607672
110.0,50.0,-15.0,0.20921803764719396
110.0,60.0,-15.0,0.18862710521452716
110.0,70.0,-15.0,0.19960960301188566
110.0,80.0,-15.0,0.20093424808136018
110.0,90.0,-15.0,0.18376864792202843
110.0,100.0,-15.0,0.11049500984593645
110.0,110.0,-15.0,0.011635005931527652
110.0,120.0,-15.0,0.0
110.0,130.0,-15.0,0.0
110.0,140.0,-15.0,0.0
120.0,0.0,-15.0,0.0
120.0,10.0,-15.0,0.0
120.0,20.0,-15.0,0.0
120.0,30.0,-15.0,0.0
120.0,40.0,-15.0,0.0
120.0,50.0,-15.0,0.0342247631132001
120.0,60.0,-15.0,0.09155680101221758
120.0,70.0,-15.0,0.10981122087619276
120.0,80.0,-15.0,0.06021199786755922
120.0,90.0,-15.0,0.04333309384114553
120.0,100.0,-15.0,0.0
120.0,110.0,-15.0,0.0
120.0,120.0,-15.0,0.0
120.0,130.0,-15.0,0.0
120.0,140.0,-15.0,0.0
130.0,0.0,-15.0,0.0
130.0,10.0,-15.0,0.0
130.0,20.0,-15.0,0.0
130.0,30.0,-15.0,0.0
130.0,40.0,-15.0,0.0
130.0,50.0,-15.0,0.0
130.0,60.0,-15.0,0.0
130.0,70.0,-15.0,0.0
130.0,80.0,-15.0,0.0
130.0,90.0,-15.0,0.0
130.0,100.0,-15.0,0.0
130.0,110.0,-15.0,0.0
130.0,120.0,-15.0,0.0
130.0,130.0,-15.0,0.0
130.0,140.0,-15.0,0.0
140.0,0.0,-15.0,0.0
140.0,10.0,-15.0,0.0
140.0,20.0,-15.0,0.0
140.0,30.0,-15.0,0.0
140.0,40.0,-15.0,0.0
140.0,50.0,-15.0,0.0
140.0,60.0,-15.0,0.0
140.0,70.0,-15.0,0.0
140.0,80.0,-15.0,0.0
140.0,90.0,-15.0,0.0
140.0,100.0,-15.0,0.0
140.0,110.0,-15.0,0.0
140.0,120.0,-15.0,0.0
140.0,130.0,-15.0,0.0
140.0,140.0,-15.0,0.0
0.0,0.0,-20.0,0.0
0.0,10.0,-20.0,0.0
0.0,20.0,-20.0,0.0
0.0,30.0,-20.0,0.0
0.0,40.0,-20.0,0.0
0.0,50.0,-20.0,0.0
0.0,60.0,-20.0,0.0
0.0,70.0,-20.0,0.0
0.0,80.0,-20.0,0.0
0.0,90.0,-20.0,0.0
0.0,100.0,-20.0,0.0
0.0,110.0,-20.0,0.0
0.0,120.0,-20.0,0.0
0.0,130.0,-20.0,0.0
0.0,140.0,-20.0,0.0
10.0,0.0,-20.0,0.0
10.0,10.0,-20.0,0.0
10.0,20.0,-20.0,0.0
10.0,30.0,-20.0,0.0
10.0,40.0,-20.0,0.0
10.0,50.0,-20.0,0.0
10.0,60.0,-20.0,0.0
10.0,70.0,-20.0,0.007595163832124326
10.0,80.0,-20.0,0.0
10.0,90.0,-20.0,0.0
10.0,100.0,-20.0,0.0
10.0,110.0,-20.0,0.0
10.0,120.0,-20.0,0.0
10.0,130.0,-20.0,0.0
10.0,140.0,-20.0,0.0
20.0,0.0,-20.0,0.0
20.0,10.0,-20.0,0.0
20.0,20.0,-20.0,0.0
20.0,30.0,-20.0,0.0
20.0,40.0,-20.0,0.0
20.0,50.0,-20.0,0.02249006606763551
20.0,60.0,-20.0,0.10674277194422814
20.0,70.0,-20.0,0.11899617630422657
20.0,80.0,-20.0,0.10662768266291348
20.0,90.0,-20.0,0.04464046599198869
20.0,100.0,-20.0,0.02166549205094224
20.0,110.0,-20.0,0.0
20.0,120.0,-20.0,0.0
20.0,130.0,-20.0,0.0
20.0,140.0,-20.0,0.0
30.0,0.0,-20.0,0.0
30.0,10.0,-20.0,0.0
30.0,20.0,-20.0,0.0
30.0,30.0,-20.0,0.04557497764152672
30.0,40.0,-20.0,0.07732415929212842
30.0,50.0,-20.0,0.15953271944682135
30.0,60.0,-20.0,0.20989410745108308
30.0,70.0,-20.0,0.22869996648525678
30.0,80.0,-20.0,0.22343579698594232
30.0,90.0,-20.0,0.14437489227097447
30.0,100.0,-20.0,0.09153043405548926
30.0,110.0,-20.0,0.04133681961292586
30.0,120.0,-20.0,0.0
30.0,130.0,-20.0,0.0
30.0,140.0,-20.0,0.0
40.0,0.0,-20.0,0.0
40.0,10.0,-20.0,0.0
40.0,20.0,-20.0,0.0
40.0,30.0,-20.0,0.07309979959463248
40.0,40.0,-20.0,0.16497795984006391
40.0,50.0,-20.0,0.2688202580179739
40.0,60.0,-20.0,0.3165354664198701
40.0,70.0,-20.0,0.3269079366295004
40.0,80.0,-20.0,0.32688696670817785
40.0,90.0,-20.0,0.24952841590215624
40.0,100.0,-20.0,0.19310986287334506
40.0,110.0,-20.0,0.0996095488335945
40.0,120.0,-20.0,0.0
40.0,130.0,-20.0,0.0
40.0,140.0,-20.0,0.0
50.0,0.0,-20.0,0.0
50.0,10.0,-20.0,0.0
50.0,20.0,-20.0,0.045251650791188994
50.0,30.0,-20.0,0.17121944002503678
50.0,40.0,-20.0,0.2627710331303121
50.0,50.0,-20.0,0.37219534728252174
50.0,60.0,-20.0,0.41220649099504036
50.0,70.0,-20.0,0.4635033545843613
50.0,80.0,-20.0,0.43060216884532204
50.0,90.0,-20.0,0.35692750529121764
50.0,100.0,-20.0,0.2629132689085545
50.0,110.0,-20.0,0.16733887650390294
50.0,120.0,-20.0,0.07243465141762129
50.0,130.0,-20.0,0.0
50.0,140.0,-20.0,0.0
60.0,0.0,-20.0,0.0
60.0,10.0,-20.0,0.0
60.0,20.0,-20.0,0.09582970421575226
60.0,30.0,-20.0,0.2195931396409675
60.0,40.0,-20.0,0.346350458836812
60.0,50.0,-20.0,0.4293429597345919
60.0,60.0,-20.0,0.48474841258202117
60.0,70.0,-20.0,0.5786075092108974
60.0,80.0,-20.0,0.5373717810528853
60.0,90.0,-20.0,0.4279327423693702
60.0,100.0,-20.0,0.3174619575444526
60.0,110.0,-20.0,0.15657715467293837
60.0,120.0,-20.0,0.09827734510117335
60.0,130.0,-20.0,0.0
60.0,140.0,-20.0,0.0
70.0,0.0,-20.0,0.0
70.0,10.0,-20.0,0.0
70.0,20.0,-20.0,0.11217498164683402
70.0,30.0,-20.0,0.23123276193046807
70.0,40.0,-20.0,0.370295007649645
70.0,50.0,-20.0,0.47295849624625835
70.0,60.0,-20.0,0.5529670122936464
70.0,70.0,-20.0,0.6718158144705562
70.0,80.0,-20.0,0.6026145070905826
70.0,90.0,-20.0,0.4913337240219229
70.0,100.0,-20.0,0.3352450380370927
70.0,110.0,-20.0,0.2311760597637022
70.0,120.0,-20.0,0.06990217432440973
70.0,130.0,-20.0,0.0
70.0,140.0,-20.0,0.0
80.0,0.0,-20.0,0.0
80.0,10.0,-20.0,0.0
80.0,20.0,-20.0,0.08351537709984042
80.0,30.0,-20.0,0.19540703627189843
80.0,40.0,-20.0,0.3341127036787877
80.0,50.0,-20.0,0.46022278172657205
80.0,60.0,-20.0,0.5310183217704372
80.0,70.0,-20.0,0.6205999497488092
80.0,80.0,-20.0,0.5176062783092116
80.0,90.0,-20.0,0.4211697748212464
80.0,100.0,-20.0,0.32828137403465346
80.0,110.0,-20.0,0.19813134968566715
80.0,120.0,-20.0,0.11165870348439859
80.0,130.0,-20.0,0.0
80.0,140.0,-20.0,0.0
90.0,0.0,-20.0,0.0
90.0,10.0,-20.0,0.0
90.0,20.0,-20.0,0.04449792503089533
90.0,30.0,-20.0,0.15928980724590114
90.0,40.0,-20.0,0.270246883290051
90.0,50.0,-20.0,0.3169681856888181
90.0,60.0,-20.0,0.4437171452507959
90.0,70.0,-20.0,0.4696169222653033
90.0,80.0,-20.0,0.4338582099781339
90.0,90.0,-20.0,0.32970082940272316
90.0,100.0,-20.0,0.23640262614494809
90.0,110.0,-20.0,0.17507605577206728
90.0,120.0,-20.0,0.07728379689500654
90.0,130.0,-20.0,0.0
90.0,140.0,-20.0,0.0
100.0,0.0,-20.0,0.0
100.0,10.0,-20.0,0.0
100.0,20.0,-20.0,0.0
100.0,30.0,-20.0,0.08822137647912509
100.0,40.0,-20.0,0.20791891029599197
100.0,50.0,-20.0,0.3000258969717095
100.0,60.0,-20.0,0.32610978985248773
100.0,70.0,-20.0,0.37281107297110533
100.0,80.0,-20.0,0.3287441395397759
100.0,90.0,-20.0,0.2711611252470996
100.0,100.0,-20.0,0.18745429379613499
100.0,110.0,-20.0,0.10373874091543989
100.0,120.0,-20.0,0.0
100.0,130.0,-20.0,0.0
100.0,140.0,-20.0,0.0
110.0,0.0,-20.0,0.0
110.0,10.0,-20.0,0.0
110.0,20.0,-20.0,0.0
110.0,30.0,-20.0,0.016363480025874566
110.0,40.0,-20.0,0.08288657215211001
110.0,50.0,-20.0,0.12237967622523489
110.0,60.0,-20.0,0.21490499791270712
110.0,70.0,-20.0,0.2511737650904476
110.0,80.0,-20.0,0.2526219287071787
110.0,90.0,-20.0,0.19459207598990966
110.0,100.0,-20.0,0.08258396894783876
110.0,110.0,-20.0,0.04468238991507537
110.0,120.0,-20.0,0.0
110.0,130.0,-20.0,0.0
110.0,140.0,-20.0,0.0
120.0,0.0,-20.0,0.0
120.0,10.0,-20.0,0.0
120.0,20.0,-20.0,0.0
120.0,30.0,-20.0,0.0
120.0,40.0,-20.0,0.03292448959166445
120.0,50.0,-20.0,0.0457444464672217
120.0,60.0,-20.0,0.08411887050444017
120.0,70.0,-20.0,0.10014777967412365
120.0,80.0,-20.0,0.0936309398718672
120.0,90.0,-20.0,0.018515227124034812
120.0,100.0,-20.0,0.02804524880954319
120.0,110.0,-20.0,0.0
120.0,120.0,-20.0,0.0
120.0,130.0,-20.0,0.0
120.0,140.0,-20.0,0.0
130.0,0.0,-20.0,0.0
130.0,10.0,-20.0,0.0
130.0,20.0,-20.0,0.0
130.0,30.0,-20.0,0.0
130.0,40.0,-20.0,0.0
130.0,50.0,-20.0,0.0
130.0,60.0,-20.0,0.009799798583061556
130.0,70.0,-20.0,0.0
130.0,80.0,-20.0,0.0
130.0,90.0,-20.0,0.0
130.0,100.0,-20.0,0.0
130.0,110.0,-20.0,0.0
130.0,120.0,-20.0,0.0
130.0,130.0,-20.0,0.0
130.0,140.0,-20.0,0.0
140.0,0.0,-20.0,0.0
140.0,10.0,-20.0,0.0
140.0,20.0,-20.0,0.0
140.0,30.0,-20.0,0.0
140.0,40.0,-20.0,0.0
140.0,50.0,-20.0,0.0
140.0,60.0,-20.0,0.0
140.0,70.0,-20.0,0.0
140.0,80.0,-20.0,0.0
140.0,90.0,-20.0,0.0
140.0,100.0,-20.0,0.0
140.0,110.0,-20.0,0.0
140.0,120.0,-20.0,0.0
140.0,130.0,-20.0,0.0
140.0,140.0,-20.0,0.0
0.0,0.0,-25.0,0.0
0.0,10.0,-25.0,0.0
0.0,20.0,-25.0,0.0
0.0,30.0,-25.0,0.0
0.0,40.0,-25.0,0.0
0.0,50.0,-25.0,0.0
0.0,60.0,-25.0,0.0
0.0,70.0,-25.0,0.0
0.0,80.0,-25.0,0.0
0.0,90.0,-25.0,0.0
0.0,100.0,-25.0,0.0
0.0,110.0,-25.0,0.0
0.0,120.0,-25.0,0.0
0.0,130.0,-25.0,0.0
0.0,140.0,-25.0,0.0
10.0,0.0,-25.0,0.0
10.0,10.0,-25.0,0.0
10.0,20.0,-25.0,0.0
10.0,30.0,-25.0,0.0
10.0,40.0,-25.0,0.0
10.0,50.0,-25.0,0.0
10.0,60.0,-25.0,0.0
10.0,70.0,-25.0,0.0
10.0,80.0,-25.0,0.0
10.0,90.0,-25.0,0.0
10.0,100.0,-25.0,0.0
10.0,110.0,-25.0,0.0
10.0,120.0,-25.0,0.0
10.0,130.0,-25.0,0.0
10.0,140.0,-25.0,0.0
20.0,0.0,-25.0,0.0
20.0,10.0,-25.0,0.0
20.0,20.0,-25.0,0.0
20.0,30.0,-25.0,0.0
20.0,40.0,-25.0,0.001291637399104856
20.0,50.0,-25.0,0.037469276119764514
20.0,60.0,-25.0,0.07351912612311297
20.0,70.0,-25.0,0.08766507149877664
20.0,80.0,-25.0,0.08785157394271582
20.0,90.0,-25.0,0.07094045218568107
20.0,100.0,-25.0,0.0
20.0,110.0,-25.0,0.0
20.0,120.0,-25.0,0.0
20.0,130.0,-25.0,0.0
20.0,140.0,-25.0,0.0
30.0,0.0,-25.0,0.0
30.0,10.0,-25.0,0.0
30.0,20.0,-25.0,0.0
30.0,30.0,-25.0,0.04706113632609778
30.0,40.0,-25.0,0.08596702935672071
30.0,50.0,-25.0,0.1551962916965627
30.0,60.0,-25.0,0.1854480357840499
30.0,70.0,-25.0,0.20100272281024678
30.0,80.0,-25.0,0.17875241670130956
30.0,90.0,-25.0,0.16767034455245988
30.0,100.0,-25.0,0.07371597934946353
30.0,110.0,-25.0,0.016341452754456837
30.0,120.0,-25.0,0.0
30.0,130.0,-25.0,0.0
30.0,140.0,-25.0,0.0
40.0,0.0,-25.0,0.0
40.0,10.0,-25.0,0.0
40.0,20.0,-25.0,0.0
40.0,30.0,-25.0,0.10726695837148528
40.0,40.0,-25.0,0.17128871371678606
40.0,50.0,-25.0,0.25182443825024275
40.0,60.0,-25.0,0.35847689692258145
40.0,70.0,-25.0,0.3397653157124688
40.0,80.0,-25.0,0.30631666728645535
40.0,90.0,-25.0,0.29493144496574014
40.0,100.0,-25.0,0.1877462653353903
40.0,110.0,-25.0,0.0870701794643201
40.0,120.0,-25.0,0.0
40.0,130.0,-25.0,0.0
40.0,140.0,-25.0,0.0
50.0,0.0,-25.0,0.0
50.0,10.0,-25.0,0.0
50.0,20.0,-25.0,0.05745289462902185
50.0,30.0,-25.0,0.16161514792321424
50.0,40.0,-25.0,0.26305409131309065
50.0,50.0,-25.0,0.38350729211314355
50.0,60.0,-25.0,0.47627732565605874
50.0,70.0,-25.0,0.44902478341695223
50.0,80.0,-25.0,0.4430499245100795
50.0,90.0,-25.0,0.39916475113753946
50.0,100.0,-25.0,0.2889149880433358
50.0,110.0,-25.0,0.14960705288448262
50.0,120.0,-25.0,0.04516661060238046
50.0,130.0,-25.0,0.0
50.0,140.0,-25.0,0.0
60.0,0.0,-25.0,0.0
60.0,10.0,-25.0,0.0
60.0,20.0,-25.0,0.07637707826576969
60.0,30.0,-25.0,0.2227513221788878
60.0,40.0,-25.0,0.32299179005125034
60.0,50.0,-25.0,0.42372932904290234
60.0,60.0,-25.0,0.5480161709193683
60.0,70.0,-25.0,0.5863794365144092
60.0,80.0,-25.0,0.5355917250309439
60.0,90.0,-25.0,0.4524726117907148
60.0,100.0,-25.0,0.33199198975029526
60.0,110.0,-25.0,0.2030493555891198
60.0,120.0,-25.0,0.10686875522622069
60.0,130.0,-25.0,0.0
60.0,140.0,-25.0,0.0
70.0,0.0,-25.0,0.0
70.0,10.0,-25.0,0.0030642524274944287
70.0,20.0,-25.0,0.12581986743256976
70.0,30.0,-25.0,0.2215967922251257
70.0,40.0,-25.0,0.3662579082305945
70.0,50.0,-25.0,0.4604671405513931
70.0,60.0,-25.0,0.5633765319362919
70.0,70.0,-25.0,0.6887202708317968
70.0,80.0,-25.0,0.5905590110866508
70.0,90.0,-25.0,0.4287776021868262
70.0,100.0,-25.0,0.344167058429085
70.0,110.0,-25.0,0.20543299829105252
70.0,120.0,-25.0,0.11436432765123705
70.0,130.0,-25.0,0.0
70.0,140.0,-25.0,0.0
80.0,0.0,-25.0,0.0
80.0,10.0,-25.0,0.0
80.0,20.0,-25.0,0.12329284537054244
80.0,30.0,-25.0,0.20068227473867375
80.0,40.0,-25.0,0.3059771585853984
80.0,50.0,-25.0,0.4111958563735012
80.0,60.0,-25.0,0.5416496673083415
80.0,70.0,-25.0,0.6100904373332934
80.0,80.0,-25.0,0.5187258330645956
80.0,90.0,-25.0,0.4117194258632641
80.0,100.0,-25.0,0.2977326790191388
80.0,110.0,-25.0,0.23515543115308493
80.0,120.0,-25.0,0.12153224280308425
80.0,130.0,-25.0,0.0
80.0,140.0,-25.0,0.0
90.0,0.0,-25.0,0.0
90.0,10.0,-25.0,0.0
90.0,20.0,-25.0,0.07306067578820781
90.0,30.0,-25.0,0.17216280541365928
90.0,40.0,-25.0,0.27392364627955074
90.0,50.0,-25.0,0.35473716632325897
90.0,60.0,-25.0,0.4479838498942427
90.0,70.0,-25.0,0.45435988195178073
90.0,80.0,-25.0,0.43267029246138233
90.0,90.0,-25.0,0.36497829490596584
90.0,100.0,-25.0,0.24331073383925222
90.0,110.0,-25.0,0.1573617860648275
90.0,120.0,-25.0,0.047528162870558006
90.0,130.0,-25.0,0.0
90.0,140.0,-25.0,0.0
100.0,0.0,-25.0,0.0
100.0,10.0,-25.0,0.0
100.0,20.0,-25.0,0.02341464474643682
100.0,30.0,-25.0,0.11778078713404203
100.0,40.0,-25.0,0.2273794932774854
100.0,50.0,-25.0,0.27572575169531244
100.0,60.0,-25.0,0.31870510608125086
100.0,70.0,-25.0,0.3496435149686692
100.0,80.0,-25.0,0.2829409409507911
100.0,90.0,-25.0,0.24537218403590058
100.0,100.0,-25.0,0.20605585880611463
100.0,110.0,-25.0,0.1006523096631335
100.0,120.0,-25.0,0.0
100.0,130.0,-25.0,0.0
100.0,140.0,-25.0,0.0
110.0,0.0,-25.0,0.0
110.0,10.0,-25.0,0.0
110.0,20.0,-25.0,0.0
110.0,30.0,-25.0,0.023329388824284595
110.0,40.0,-25.0,0.10853848657651366
110.0,50.0,-25.0,0.1561719094467443
110.0,60.0,-25.0,0.21728804312841463
110.0,70.0,-25.0,0.2262886386750494
110.0,80.0,-25.0,0.2118896159353106
110.0,90.0,-25.0,0.12269288962361866
110.0,100.0,-25.0,0.12162185986042182
110.0,110.0,-25.0,0.05566532445995204
110.0,120.0,-25.0,0.0
110.0,130.0,-25.0,0.0
110.0,140.0,-25.0,0.0
120.0,0.0,-25.0,0.0
120.0,10.0,-25.0,0.0
120.0,20.0,-25.0,0.0
120.0,30.0,-25.0,0.0
120.0,40.0,-25.0,0.014634345059305031
120.0,50.0,-25.0,0.028825540725743032
120.0,60.0,-25.0,0.11736301802437524
120.0,70.0,-25.0,0.1103310493208474
120.0,80.0,-25.0,0.08296975843872915
120.0,90.0,-25.0,0.05676762230615719
120.0,100.0,-25.0,0.011927520368230733
120.0,110.0,-25.0,0.0
120.0,120.0,-25.0,0.0
120.0,130.0,-25.0,0.0
120.0,140.0,-25.0,0.0
130.0,0.0,-25.0,0.0
130.0,10.0,-25.0,0.0
130.0,20.0,-25.0,0.0
130.0,30.0,-25.0,0.0
130.0,40.0,-25.0,0.0
130.0,50.0,-25.0,0.0
130.0,60.0,-25.0,0.0
130.0,70.0,-25.0,0.0
130.0,80.0,-25.0,0.0
130.0,90.0,-25.0,0.0
130.0,100.0,-25.0,0.0
130.0,110.0,-25.0,0.0
130.0,120.0,-25.0,0.0
130.0,130.0,-25.0,0.0
130.0,140.0,-25.0,0.0
140.0,0.0,-25.0,0.0
140.0,10.0,-25.0,0.0
140.0,20.0,-25.0,0.0
140.0,30.0,-25.0,0.0
140.0,40.0,-25.0,0.0
140.0,50.0,-25.0,0.0
140.0,60.0,-25.0,0.0
140.0,70.0,-25.0,0.0
140.0,80.0,-25.0,0.0
140.0,90.0,-25.0,0.0
140.0,100.0,-25.0,0.0
140.0,110.0,-25.0,0.0
140.0,120.0,-25.0,0.0
140.0,130.0,-25.0,0.0
140.0,140.0,-25.0,0.0
0.0,0.0,-30.0,0.0
0.0,10.0,-30.0,0.0
0.0,20.0,-30.0,0.0
0.0,30.0,-30.0,0.0
0.0,40.0,-30.0,0.0
0.0,50.0,-30.0,0.0
0.0,60.0,-30.0,0.0
0.0,70.0,-30.0,0.0
0.0,80.0,-30.0,0.0
0.0,90.0,-30.0,0.0
0.0,100.0,-30.0,0.0
0.0,110.0,-30.0,0.0
0.0,120.0,-30.0,0.0
0.0,130.0,-30.0,0.0
0.0,140.0,-30.0,0.0
10.0,0.0,-30.0,0.0
10.0,10.0,-30.0,0.0
10.0,20.0,-30.0,0.0
10.0,30.0,-30.0,0.0
10.0,40.0,-30.0,0.0
10.0,50.0,-30.0,0.0
10.0,60.0,-30.0,0.0
10.0,70.0,-30.0,0.0
10.0,80.0,-30.0,0.0
10.0,90.0,-30.0,0.0
10.0,100.0,-30.0,0.0
10.0,110.0,-30.0,0.0
10.0,120.0,-30.0,0.0
10.0,130.0,-30.0,0.0
10.0,140.0,-30.0,0.0
20.0,0.0,-30.0,0.0
20.0,10.0,-30.0,0.0
20.0,20.0,-30.0,0.0
20.0,30.0,-30.0,0.0
20.0,40.0,-30.0,0.0
20.0,50.0,-30.0,0.0408075077918279
20.0,60.0,-30.0,0.07361119563322478
20.0,70.0,-30.0,0.13968822497770242
20.0,80.0,-30.0,0.07647380960633911
20.0,90.0,-30.0,0.060316482726240545
20.0,100.0,-30.0,0.0
20.0,110.0,-30.0,0.0
20.0,120.0,-30.0,0.0
20.0,130.0,-30.0,0.0
20.0,140.0,-30.0,0.0
30.0,0.0,-30.0,0.0
30.0,10.0,-30.0,0.0
30.0,20.0,-30.0,0.0
30.0,30.0,-30.0,0.03422108277721486
30.0,40.0,-30.0,0.0953703033925834
30.0,50.0,-30.0,0.16712766043655236
30.0,60.0,-30.0,0.22970604510421858
30.0,70.0,-30.0,0.213981385676012
30.0,80.0,-30.0,0.21025351756760619
30.0,90.0,-30.0,0.18190948969855175
30.0,100.0,-30.0,0.10166777674471816
30.0,110.0,-30.0,0.01267782615894514
30.0,120.0,-30.0,0.0
30.0,130.0,-30.0,0.0
30.0,140.0,-30.0,0.0
40.0,0.0,-30.0,0.0
40.0,10.0,-30.0,0.0
40.0,20.0,-30.0,0.018161454726184707
40.0,30.0,-30.0,0.1189853617246676
40.0,40.0,-30.0,0.14746889636414426
40.0,50.0,-30.0,0.2550240141558061
40.0,60.0,-30.0,0.339824443517187
40.0,70.0,-30.0,0.3884861323852903
40.0,80.0,-30.0,0.36353375693165235
40.0,90.0,-30.0,0.28617117044916374
40.0,100.0,-30.0,0.21834976664820788
40.0,110.0,-30.0,0.08945161086065996
40.0,120.0,-30.0,0.015776463089143475
40.0,130.0,-30.0,0.0
40.0,140.0,-30.0,0.0
50.0,0.0,-30.0,0.0
50.0,10.0,-30.0,0.0
50.0,20.0,-30.0,0.06873948973061608
50.0,30.0,-30.0,0.16882022721338177
50.0,40.0,-30.0,0.26393217569060423
50.0,50.0,-30.0,0.33413988560361213
50.0,60.0,-30.0,0.44372910274577204
50.0,70.0,-30.0,0.4530181260683353
50.0,80.0,-30.0,0.4364527368126341
50.0,90.0,-30.0,0.34280212675096683
50.0,100.0,-30.0,0.2697589460183928
50.0,110.0,-30.0,0.13260310806125916
50.0,120.0,-30.0,0.06385834752765349
50.0,130.0,-30.0,0.0
50.0,140.0,-30.0,0.0
60.0,0.0,-30.0,0.0
60.0,10.0,-30.0,0.0
60.0,20.0,-30.0,0.09822492719911684
60.0,30.0,-30.0,0.21552462168299752
60.0,40.0,-30.0,0.30293208474754996
60.0,50.0,-30.0,0.4747365120852842
60.0,60.0,-30.0,0.5500659342034004
60.0,70.0,-30.0,0.5751434715705163
60.0,80.0,-30.0,0.5122377376651528
60.0,90.0,-30.0,0.4433020283648543
60.0,100.0,-30.0,0.3376776318516024
60.0,110.0,-30.0,0.2079850222840772
60.0,120.0,-30.0,0.09183914871113283
60.0,130.0,-30.0,0.0
60.0,140.0,-30.0,0.0
70.0,0.0,-30.0,0.0
70.0,10.0,-30.0,0.008012357716093783
70.0,20.0,-30.0,0.06999646233010413
70.0,30.0,-30.0,0.22277757749072338
70.0,40.0,-30.0,0.3159179730066059
70.0,50.0,-30.0,0.4332860909660278
70.0,60.0,-30.0,0.5917190557303901
70.0,70.0,-30.0,0.6831686132404702
70.0,80.0,-30.0,0.516932850996179
70.0,90.0,-30.0,0.4729030530625715
70.0,100.0,-30.0,0.36564283660178637
70.0,110.0,-30.0,0.26077554279157117
70.0,120.0,-30.0,0.09207413416314712
70.0,130.0,-30.0,0.00890890616025792
70.0,140.0,-30.0,0.0
80.0,0.0,-30.0,0.0
80.0,10.0,-30.0,0.0
80.0,20.0,-30.0,0.09754834373061146
80.0,30.0,-30.0,0.23163568318051703
80.0,40.0,-30.0,0.3396604705724357
80.0,50.0,-30.0,0.4300404423069912
80.0,60.0,-30.0,0.5608793297832572
80.0,70.0,-30.0,0.5937296528026329
80.0,80.0,-30.0,0.5646361471763549
80.0,90.0,-30.0,0.4155863028455609
80.0,100.0,-30.0,0.32653175430619824
80.0,110.0,-30.0,0.19663541144787414
80.0,120.0,-30.0,0.10423592451563757
80.0,130.0,-30.0,0.0
80.0,140.0,-30.0,0.0
90.0,0.0,-30.0,0.0
90.0,10.0,-30.0,0.0
90.0,20.0,-30.0,0.0760900106257556
90.0,30.0,-30.0,0.18350759761825564
90.0,40.0,-30.0,0.20701320724013525
90.0,50.0,-30.0,0.328195831154044
90.0,60.0,-30.0,0.471774653210957
90.0,70.0,-30.0,0.45624747301777546
90.0,80.0,-30.0,0.42869301811713567
90.0,90.0,-30.0,0.38389545385324125
90.0,100.0,-30.0,0.2712667528436593
90.0,110.0,-30.0,0.15069188255225902
90.0,120.0,-30.0,0.04958328417332107
90.0,130.0,-30.0,0.0
90.0,140.0,-30.0,0.0
100.0,0.0,-30.0,0.0
100.0,10.0,-30.0,0.0
100.0,20.0,-30.0,0.0
100.0,30.0,-30.0,0.1372582617954694
100.0,40.0,-30.0,0.178025645647293
100.0,50.0,-30.0,0.2840350142515442
100.0,60.0,-30.0,0.3132656117639006
100.0,70.0,-30.0,0.3113586594770218
100.0,80.0,-30.0,0.3172062833859012
100.0,90.0,-30.0,0.29071237443087866
100.0,100.0,-30.0,0.18716527399324076
100.0,110.0,-30.0,0.11098843653960354
100.0,120.0,-30.0,0.004056838924167137
100.0,130.0,-30.0,0.0
100.0,140.0,-30.0,0.0
110.0,0.0,-30.0,0.0
110.0,10.0,-30.0,0.0
110.0,20.0,-30.0,0.0
110.0,30.0,-30.0,0.0
110.0,40.0,-30.0,0.10539397693619539
110.0,50.0,-30.0,0.1704368951279688
110.0,60.0,-30.0,0.18930601993597407
110.0,70.0,-30.0,0.23602615216914863
110.0,80.0,-30.0,0.2131439359486036
110.0,90.0,-30.0,0.16921512714501555
110.0,100.0,-30.0,0.09277192278929719
110.0,110.0,-30.0,0.030633350134609095
110.0,120.0,-30.0,0.0
110.0,130.0,-30.0,0.0
110.0,140.0,-30.0,0.0
120.0,0.0,-30.0,0.0
120.0,10.0,-30.0,0.0
120.0,20.0,-30.0,0.0
120.0,30.0,-30.0,0.0
120.0,40.0,-30.0,0.003920593215154491
120.0,50.0,-30.0,0.05682770729023753
120.0,60.0,-30.0,0.09804775913603134
120.0,70.0,-30.0,0.10151954580845442
120.0,80.0,-30.0,0.1188652545234857
120.0,90.0,-30.0,0.08529589206110272
120.0,100.0,-30.0,0.023465985395823008
120.0,110.0,-30.0,0.0
120.0,120.0,-30.0,0.0
120.0,130.0,-30.0,0.0
120.0,140.0,-30.0,0.0
130.0,0.0,-30.0,0.0
130.0,10.0,-30.0,0.0
130.0,20.0,-30.0,0.0
130.0,30.0,-30.0,0.0
130.0,40.0,-30.0,0.0
130.0,50.0,-30.0,0.0
130.0,60.0,-30.0,0.0
130.0,70.0,-30.0,0.0
130.0,80.0,-30.0,0.0
130.0,90.0,-30.0,0.0
130.0,100.0,-30.0,0.0
130.0,110.0,-30.0,0.0
130.0,120.0,-30.0,0.0
130.0,130.0,-30.0,0.0
130.0,140.0,-30.0,0.0
140.0,0.0,-30.0,0.0
140.0,10.0,-30.0,0.0
140.0,20.0,-30.0,0.0
140.0,30.0,-30.0,0.0
140.0,40.0,-30.0,0.0
140.0,50.0,-30.0,0.0
140.0,60.0,-30.0,0.0
140.0,70.0,-30.0,0.0
140.0,80.0,-30.0,0.0
140.0,90.0,-30.0,0.0
140.0,100.0,-30.0,0.0
140.0,110.0,-30.0,0.0
140.0,120.0,-30.0,0.0
140.0,130.0,-30.0,0.0
140.0,140.0,-30.0,0.0
0.0,0.0,-35.0,0.0
0.0,10.0,-35.0,0.0
0.0,20.0,-35.0,0.0
0.0,30.0,-35.0,0.0
0.0,40.0,-35.0,0.0
0.0,50.0,-35.0,0.0
0.0,60.0,-35.0,0.0
0.0,70.0,-35.0,0.0
0.0,80.0,-35.0,0.0
0.0,90.0,-35.0,0.0
0.0,100.0,-35.0,0.0
0.0,110.0,-35.0,0.0
0.0,120.0,-35.0,0.0
0.0,130.0,-35.0,0.0
0.0,140.0,-35.0,0.0
10.0,0.0,-35.0,0.0
10.0,10.0,-35.0,0.0
10.0,20.0,-35.0,0.0
10.0,30.0,-35.0,0.0
10.0,40.0,-35.0,0.0
10.0,50.0,-35.0,0.0
10.0,60.0,-35.0,0.0
10.0,70.0,-35.0,0.0
10.0,80.0,-35.0,0.0
10.0,90.0,-35.0,0.0
10.0,100.0,-35.0,0.0
10.0,110.0,-35.0,0.0
10.0,120.0,-35.0,0.0
10.0,130.0,-35.0,0.0
10.0,140.0,-35.0,0.0
20.0,0.0,-35.0,0.0
20.0,10.0,-35.0,0.0
20.0,20.0,-35.0,0.0
20.0,30.0,-35.0,0.0
20.0,40.0,-35.0,0.0
20.0,50.0,-35.0,0.03153393733973128
20.0,60.0,-35.0,0.10274056576003703
20.0,70.0,-35.0,0.07874142475255295
20.0,80.0,-35.0,0.08302499705955371
20.0,90.0,-35.0,0.03040099624787478
20.0,100.0,-35.0,0.0
20.0,110.0,-35.0,0.0
20.0,120.0,-35.0,0.0
20.0,130.0,-35.0,0.0
20.0,140.0,-35.0,0.0
30.0,0.0,-35.0,0.0
30.0,10.0,-35.0,0.0
30.0,20.0,-35.0,0.0
30.0,30.0,-35.0,0.0
30.0,40.0,-35.0,0.10422467322320077
30.0,50.0,-35.0,0.20429678214292157
30.0,60.0,-35.0,0.20249987473075065
30.0,70.0,-35.0,0.19261439189573348
30.0,80.0,-35.0,0.2306797915517705
30.0,90.0,-35.0,0.1433723571042663
30.0,100.0,-35.0,0.1111506528275464
30.0,110.0,-35.0,0.012324381867511232
30.0,120.0,-35.0,0.0
30.0,130.0,-35.0,0.0
30.0,140.0,-35.0,0.0
40.0,0.0,-35.0,0.0
40.0,10.0,-35.0,0.0
40.0,20.0,-35.0,0.0
40.0,30.0,-35.0,0.09187858197609021
40.0,40.0,-35.0,0.1771149666823138
40.0,50.0,-35.0,0.27914372426832734
40.0,60.0,-35.0,0.3420742121323221
40.0,70.0,-35.0,0.32095831856702356
40.0,80.0,-35.0,0.29779801875344053
40.0,90.0,-35.0,0.30393197170526437
40.0,100.0,-35.0,0.16237999410043805
40.0,110.0,-35.0,0.11430666898209545
40.0,120.0,-35.0,0.009068320082939922
40.0,130.0,-35.0,0.0
40.0,140.0,-35.0,0.0
50.0,0.0,-35.0,0.0
50.0,10.0,-35.0,0.0
50.0,20.0,-35.0,0.02598921837444912
50.0,30.0,-35.0,0.18002934950508553
50.0,40.0,-35.0,0.25834692999327336
50.0,50.0,-35.0,0.382293771437856
50.0,60.0,-35.0,0.415469042087151
50.0,70.0,-35.0,0.4722932517225071
50.0,80.0,-35.0,0.4598200545931829
50.0,90.0,-35.0,0.3588684747685944
50.0,100.0,-35.0,0.24482479201931726
50.0,110.0,-35.0,0.15649226655380283
50.0,120.0,-35.0,0.07891497256148608
50.0,130.0,-35.0,0.0
50.0,140.0,-35.0,0.0
60.0,0.0,-35.0,0.0
60.0,10.0,-35.0,0.0
60.0,20.0,-35.0,0.12073578345047326
60.0,30.0,-35.0,0.23819920646690235
60.0,40.0,-35.0,0.32918248477248524
60.0,50.0,-35.0,0.42785125927203305
60.0,60.0,-35.0,0.5145719471104251
60.0,70.0,-35.0,0.5685479636537872
60.0,80.0,-35.0,0.49729936643493505
60.0,90.0,-35.0,0.47436287387827847
60.0,100.0,-35.0,0.31998739299413387
60.0,110.0,-35.0,0.25291542769523817
60.0,120.0,-35.0,0.08662771006140202
60.0,130.0,-35.0,0.0
60.0,140.0,-35.0,0.0
70.0,0.0,-35.0,0.0
70.0,10.0,-35.0,0.0
70.0,20.0,-35.0,0.13297102179991213
70.0,30.0,-35.0,0.2491754642153254
70.0,40.0,-35.0,0.2994758716833228
70.0,50.0,-35.0,0.4600210953988365
70.0,60.0,-35.0,0.5582092998979704
70.0,70.0,-35.0,0.7107827644414112
70.0,80.0,-35.0,0.6162435418319003
70.0,90.0,-35.0,0.44965020355076046
70.0,100.0,-35.0,0.36986445601308104
70.0,110.0,-35.0,0.20142711449241293
70.0,120.0,-35.0,0.14344541031642913
70.0,130.0,-35.0,0.0
70.0,140.0,-35.0,0.0
80.0,0.0,-35.0,0.0
80.0,10.0,-35.0,0.0
80.0,20.0,-35.0,0.119109835433091
80.0,30.0,-35.0,0.18382698684329843
80.0,40.0,-35.0,0.3328057120613909
80.0,50.0,-35.0,0.4058892419105268
80.0,60.0,-35.0,0.5324900314374755
80.0,70.0,-35.0,0.5797894764915796
80.0,80.0,-35.0,0.5225295543754443
80.0,90.0,-35.0,0.44145622657515504
80.0,100.0,-35.0,0.29819003563506946
80.0,110.0,-35.0,0.2356646402592306
80.0,120.0,-35.0,0.09216660550714534
80.0,130.0,-35.0,0.0
80.0,140.0,-35.0,0.0
90.0,0.0,-35.0,0.0
90.0,10.0,-35.0,0.0
90.0,20.0,-35.0,0.050241491999352
90.0,30.0,-35.0,0.11809137887313832
90.0,40.0,-35.0,0.25893948954606444
90.0,50.0,-35.0,0.3360673458056628
90.0,60.0,-35.0,0.43090219345432956
90.0,70.0,-35.0,0.450345462752689
90.0,80.0,-35.0,0.4358520883014259
90.0,90.0,-35.0,0.3253005834178428
90.0,100.0,-35.0,0.2684094950328628
90.0,110.0,-35.0,0.15415204873660304
90.0,120.0,-35.0,0.0664504005594313
90.0,130.0,-35.0,0.0
90.0,140.0,-35.0,0.0
100.0,0.0,-35.0,0.0
100.0,10.0,-35.0,0.0
100.0,20.0,-35.0,0.015046846325749947
100.0,30.0,-35.0,0.12661012230389712
100.0,40.0,-35.0,0.1906813221785551
100.0,50.0,-35.0,0.287104059788704
100.0,60.0,-35.0,0.3413554734673373
100.0,70.0,-35.0,0.37139511019824384
100.0,80.0,-35.0,0.31317003675247673
100.0,90.0,-35.0,0.2650878652765744
100.0,100.0,-35.0,0.20696557456609513
100.0,110.0,-35.0,0.0850871190065953
100.0,120.0,-35.0,0.0012467867518931616
100.0,130.0,-35.0,0.0
100.0,140.0,-35.0,0.0
110.0,0.0,-35.0,0.0
110.0,10.0,-35.0,0.0
110.0,20.0,-35.0,0.0
110.0,30.0,-35.0,0.02286343787912011
110.0,40.0,-35.0,0.09093790097244131
110.0,50.0,-35.0,0.14852441854792323
110.0,60.0,-35.0,0.20794941420359012
110.0,70.0,-35.0,0.24145862195993584
110.0,80.0,-35.0,0.249544191642839
110.0,90.0,-35.0,0.1798732165414191
110.0,100.0,-35.0,0.08077272394877089
110.0,110.0,-35.0,0.0
110.0,120.0,-35.0,0.0
110.0,130.0,-35.0,0.0
110.0,140.0,-35.0,0.0
120.0,0.0,-35.0,0.0
120.0,10.0,-35.0,0.0
120.0,20.0,-35.0,0.0
120.0,30.0,-35.0,0.0
120.0,40.0,-35.0,0.0
120.0,50.0,-35.0,0.07123180293849395
120.0,60.0,-35.0,0.09431971029149977
120.0,70.0,-35.0,0.09417735658411322
120.0,80.0,-35.0,0.10027196333831155
120.0,90.0,-35.0,0.03722654399839938
120.0,100.0,-35.0,0.01956386456740306
120.0,110.0,-35.0,0.0
120.0,120.0,-35.0,0.0
120.0,130.0,-35.0,0.0
120.0,140.0,-35.0,0.0
130.0,0.0,-35.0,0.0
130.0,10.0,-35.0,0.0
130.0,20.0,-35.0,0.0
130.0,30.0,-35.0,0.0
130.0,40.0,-35.0,0.0
130.0,50.0,-35.0,0.0
130.0,60.0,-35.0,0.002154975226540373
130.0,70.0,-35.0,0.0
130.0,80.0,-35.0,0.0
130.0,90.0,-35.0,0.0
130.0,100.0,-35.0,0.0
130.0,110.0,-35.0,0.0
130.0,120.0,-35.0,0.0
130.0,130.0,-35.0,0.0
130.0,140.0,-35.0,0.0
140.0,0.0,-35.0,0.0
140.0,10.0,-35.0,0.0
140.0,20.0,-35.0,0.0
140.0,30.0,-35.0,0.0
140.0,40.0,-35.0,0.0
140.0,50.0,-35.0,0.0
140.0,60.0,-35.0,0.0
140.0,70.0,-35.0,0.0
140.0,80.0,-35.0,0.0
140.0,90.0,-35.0,0.0
140.0,100.0,-35.0,0.0
140.0,110.0,-35.0,0.0
140.0,120.0,-35.0,0.0
140.0,130.0,-35.0,0.0
140.0,140.0,-35.0,0.0
